Mast0.05_all_mecom_up,Mast0.05_all_mecom_down,Mast0.05_all_mecom_up_pa,Mast0.05_all_mecom_down_pa,Mast0.05_subset_mecom_up,Mast0.05_subset_mecom_down,Mast0.05_subset_mecom_up_pa,Mast0.05_subset_mecom_down_pa,pg_up,pg_down
JARID2,KIAA0125,MIF,RPL23A,MIF,RPL23A,MIF,RPL23A,ELANE,CD74
CLINT1,LTB,RPL37A,JAML,UBAC1,JAML,UBAC1,JAML,AC004510.3,KIAA0125
SLBP,CD74,MT-ND3,MECOM,SCNM1,BEX2,SCNM1,BEX2,CLEC4C,GNG11
IDH3B,GNG11,P4HB,HEMGN,PSMD2,CLEC2B,PSMD2,CLEC2B,PRTN3,HLA-DRA
MMAB,HLA-DRA,YIF1A,BEX2,ILF3,TMEM59,ILF3,TMEM59,SIGLEC9,CD52
MESDC2,HLA-DQA1,MYDGF,RBPMS,C20orf27,AC004540.4,C20orf27,AC004540.4,TCN1,OCIAD2
SPN,HLA-DPA1,RAB32,MFAP2,KDELR2,GSN,KDELR2,GSN,ADGRV1,HLA-DQA1
PTBP1,PRSS2,AC090498.1,AC004540.4,PITHD1,MPV17,PITHD1,MPV17,PLPPR3,HOPX
PDAP1,HLA-DQB1,NDUFA13,ALDH2,LRPPRC,ARID3A,LRPPRC,ARID3A,RP11-84C10.2,HLA-DQB1
CDV3,CD52,FARSA,TMEM219,TCEA1,B2M,TCEA1,B2M,MNDA,HLA-B
EIF4G1,OCIAD2,FAM45A,ANXA5,DDX56,ASL,DDX56,ASL,CLC,LTB
VIMP,HLA-DPB1,AIP,MEF2C,AFG3L2,CCDC88A,AFG3L2,CCDC88A,MS4A3,HLA-DPA1
LONP1,B2M,NCOA4,SH3BP5,APOA1BP,RBPMS,APOA1BP,RBPMS,AKAP2,S100A4
VCP,PRDX1,TDG,GNAI1,TMEM126A,CTNNBIP1,TMEM126A,CTNNBIP1,KRT1,IFI16
TNFAIP8,S100A4,IGLL1,HOPX,COX11,GCSAML,COX11,GCSAML,CH25H,CYTL1
NKTR,HOPX,FAM101B,PARP14,SSRP1,GRINA,SSRP1,GRINA,RNASE3,HEMGN
FASN,HLA-DRB1,SPI1,CYTL1,CEBPZ,LYRM5,CEBPZ,LYRM5,C3AR1,ANXA5
EFTUD2,TM4SF1,APLP2,PSMB9,TMEM18,H1F0,TMEM18,H1F0,SERPINB10,C1QTNF4
SMC1A,RPL23A,USP48,WBP5,RBFA,GNAI1,RBFA,GNAI1,CLEC5A,BEX2
DYNC1H1,HLA-B,LRPAP1,IFITM3,BCLAF1,VPS28,BCLAF1,VPS28,GZMB,HLA-DPB1
GDI2,C1QTNF4,AGPAT2,STAB1,BFAR,GLUD1,BFAR,GLUD1,AC004791.2,TM4SF1
SIGMAR1,NFKBIA,KRTCAP2,OPTN,PELP1,BASP1,PELP1,BASP1,CSTA,HLA-DRB1
CFD,HEMGN,FAM107B,CPNE3,PHF5A,CCDC109B,PHF5A,CCDC109B,RNASE2,SH3BP5
RILPL2,IFI16,ADSS,GNG11,RAB4A,SSBP3,RAB4A,SSBP3,FST,NFKBIA
STXBP2,SOCS2,LRRC59,CD79B,MT-ND6,RSBN1L,MT-ND6,RSBN1L,TNFAIP6,PSMB9
DHCR7,MARCKS,PRKCSH,B2M,AIFM1,ABCD3,AIFM1,ABCD3,HAL,MARCKS
MFSD12,CYTL1,CD33,HHEX,COTL1,FLII,COTL1,FLII,NTRK1,HLA-C
CANX,ANXA5,PSMD3,CLEC2B,C20orf24,CD59,C20orf24,CD59,HDC,SOCS2
IARS2,LIMS1,NABP2,CCDC109B,ZBTB44,TRIOBP,ZBTB44,TRIOBP,STAR,AC004540.4
ZNF580,HLA-C,CLINT1,PHACTR1,NCBP2-AS2,ACOT13,NCBP2-AS2,ACOT13,C1orf186,IFITM3
FNBP4,BEX2,RNF130,TXNIP,NCOA4,ETS2,NCOA4,ETS2,MPO,GSN
TMEM147,HLA-A,IER3IP1,DUSP3,SYNGR2,FLYWCH2,SYNGR2,FLYWCH2,TRGC2,JAML
MYBL2,ITM2B,PYGL,ACOT13,ERP44,CRTAP,ERP44,CRTAP,FCGR2A,MSI2
TXNDC17,PSMB9,MATK,GSN,HSD17B12,ZFHX3,HSD17B12,ZFHX3,CEBPE,RBPMS
KIF5B,MSI2,SAMD1,SNCA,DCAF13,PAIP2,DCAF13,PAIP2,CPA3,ETS2
PRDX4,MECOM,YDJC,XPA,DCUN1D5,DEGS1,DCUN1D5,DEGS1,CCL2,SPINT2
ENO1,ISCU,SURF4,JAK3,RNF130,UFL1,RNF130,UFL1,RNU11,ALDH2
APRT,SPINK2,RPL17,GLS,SYNCRIP,MRPL19,SYNCRIP,MRPL19,ALB,LIMS1
IRAK1,AC004540.4,GARS,FERMT3,MPHOSPH10,WBP5,MPHOSPH10,WBP5,EGR1,ITM2B
SF3B2,MDK,SYNGR2,LINC00998,NIP7,OXLD1,NIP7,OXLD1,PRG2,NPC2
C9orf78,CST3,MFSD12,MTRNR2L12,SORD,CD82,SORD,CD82,TRGC1,CLEC2B
FCER1G,SH3BP5,ALG3,GUCY1A3,PRIM1,RPS6KA1,PRIM1,RPS6KA1,DHRS9,ACOT13
PTPN6,NPC2,DPM3,IGHM,QDPR,TFPI,QDPR,TFPI,S100P,ISCU
YTHDC1,CKS2,RASGRP2,C4orf27,PCSK7,NSMCE2,PCSK7,NSMCE2,INHBA,CST3
CIAPIN1,ETS2,SAMM50,PROCR,GORASP2,BNIP3L,GORASP2,BNIP3L,AZU1,GALNT2
PLAUR,GSN,NME2,CD53,SEC11C,C19orf38,SEC11C,C19orf38,KCNH2,GNAI1
PRPF38B,GALNT2,PTPN7,TP53TG1,RPP38,BTG1,RPP38,BTG1,GATA1,PSME1
RPL7L1,LRRC75A,SRGN,ATXN2L,PEMT,SEC62,PEMT,SEC62,NTS,CSTB
FTL,CAPZB,BRI3BP,HOXA9,ANKRD13D,CDC26,ANKRD13D,CDC26,GRAP2,WBP5
RPS5,HMGB2,SEC61A1,CCDC53,DSTN,EAF2,DSTN,EAF2,IL1RL1,NDUFB3
HMGCS1,ARPC3,PGD,GNA12,BLMH,CYB5A,BLMH,CYB5A,RAB7B,SPINK2
SF3B1,IFITM3,ANKRD13D,CDC26,NADSYN1,GLRX,NADSYN1,GLRX,HGF,MEF2C
PMM2,SPINT2,TNFSF13B,MPV17,C7orf50,ATXN2L,C7orf50,ATXN2L,HOMER3,ELN
CHKA,H3F3A,HAX1,PLGRKT,FAM195A,MECOM,FAM195A,MECOM,THSD7A,MDK
HNRNPM,NDUFB3,CIAPIN1,PLSCR1,FARSA,PRMT2,FARSA,PRMT2,CCNA1,MFAP2
MRPL12,RPL24,RNF24,CST3,CYC1,BLVRA,CYC1,BLVRA,,AKR1A1
TXNRD1,PSME1,AFG3L2,CBX2,PQBP1,LAMTOR5,PQBP1,LAMTOR5,,BIN1
EIF5,HLA-E,FNBP4,ABI3,DKC1,COMT,DKC1,COMT,,CAPZB
DDIT4,NGFRAP1,ZNF580,DPY30,LLPH,HPRT1,LLPH,HPRT1,,ATP5H
CCT8,AKR1A1,PRPF6,MSI2,ARHGAP30,TRIM56,ARHGAP30,TRIM56,,STAT1
ERP29,GLIPR1,PLEKHB2,ETS2,RBM28,PTRHD1,RBM28,PTRHD1,,HHEX
PHGDH,ACOT13,CHPT1,HLA-DQB1,TRAPPC6A,CHMP2B,TRAPPC6A,CHMP2B,,FCGRT
PRKCSH,S100A11,TRAP1,NPC2,TFDP1,JAK1,TFDP1,JAK1,,HOXA9
CMSS1,STAT1,C4orf48,UBE2L6,SAC3D1,ORMDL1,SAC3D1,ORMDL1,,NGFRAP1
TCEB2,AVP,IMP3,GCHFR,CTDSPL2,RAB13,CTDSPL2,RAB13,,MS4A4A
LRPPRC,ALYREF,IFITM1,SELK,SLC39A10,NOL8,SLC39A10,NOL8,,PARP14
AUP1,RBPMS,STXBP2,CMC1,RRP1B,LARP7,RRP1B,LARP7,,GLIPR1
TECR,CLEC2B,BOP1,FCGRT,CAPRIN1,ADH5,CAPRIN1,ADH5,,CYP1B1
BSG,NRIP1,GALNT1,INPP4B,CTDNEP1,RANGRF,CTDNEP1,RANGRF,,PRSS2
TMA7,HLA-DRB5,RPL41,CD109,NOL11,C12orf76,NOL11,C12orf76,,SNCA
CCDC124,UBE2C,RNASEH1,9-Sep,RMI2,ETHE1,RMI2,ETHE1,,NRIP1
CD63,ELN,YARS,BTG1,NAA10,FAM96B,NAA10,FAM96B,,CD53
C8orf82,ATP5G2,IARS2,RGS19,HSPH1,ATP5S,HSPH1,ATP5S,,BST2
CRNDE,CSTB,NOLC1,ADA,PBRM1,DNAJC19,PBRM1,DNAJC19,,PSMB8
HN1,ATP5H,GRPEL1,SSBP3,GNB4,NINJ1,GNB4,NINJ1,,HLA-E
SLC16A3,CYP1B1,TFDP1,ISCU,PUM3,SDHD,PUM3,SDHD,,MLLT3
CD84,AIF1,PNP,ELMSAN1,ACO2,CPNE1,ACO2,CPNE1,,ATXN2L
TGOLN2,PSMB8,AUP1,CD52,RAMP1,HEMGN,RAMP1,HEMGN,,ALDH1A1
RABL6,MEF2C,ARRB2,ALDH1A1,RNF145,MSI2,RNF145,MSI2,,PLGRKT
ECE2,NUTF2,THOP1,FLYWCH2,CD33,R3HDM1,CD33,R3HDM1,,ABI3
MYH9,ZFAS1,PTPN6,RPL24,RHOT2,EIF1B,RHOT2,EIF1B,,AVP
AIP,BST2,ANXA2,TMEM59,RP5-1171I10.5,TBC1D9B,RP5-1171I10.5,TBC1D9B,,CCDC53
TNFSF13B,BIN1,CEBPZ,DEGS1,NUBP2,PLGRKT,NUBP2,PLGRKT,,PHACTR1
PSMD8,MS4A4A,MT-ND6,PDLIM2,ECHDC3,GBP4,ECHDC3,GBP4,,DUSP6
LAS1L,SRP9,SSR1,NTPCR,NIPBL,CYB561A3,NIPBL,CYB561A3,,NUTF2
NAA10,ALDH2,RABL6,NDUFB5,UBE2G1,RBM15B,UBE2G1,RBM15B,,PLAC8
ATAD2,GSTP1,STRA13,BIN1,HTATSF1,MED30,HTATSF1,MED30,,LRRC75A
HRH2,WBP5,GPI,CYSLTR1,ICT1,RPL24,ICT1,RPL24,,DUSP3
IER2,CD48,SLC27A5,ELN,ZCCHC11,WASF2,ZCCHC11,WASF2,,HLA-DMB
SAMM50,RGS10,SNHG25,SNRNP40,PSMD13,CD164,PSMD13,CD164,,MZB1
EPN1,CD53,LMO4,CD59,ZNF207,SNCA,ZNF207,SNCA,,HOXA7
EBP,MLLT3,RP5-1171I10.5,GABARAPL2,MBOAT7,LCP2,MBOAT7,LCP2,,ELMSAN1
TFDP1,PCBP2,SHMT2,IFI16,SIGMAR1,EIF2D,SIGMAR1,EIF2D,,LINC00998
ILF3,JAML,MYB,PCBD1,PGAP2,MPLKIP,PGAP2,MPLKIP,,TXNIP
SET,PLAC8,RUVBL2,SPINT2,MRPS18A,ZFAND6,MRPS18A,ZFAND6,,MTRNR2L12
PSMC3,RPS24,MLEC,SDHD,LINC00657,VEZT,LINC00657,VEZT,,CD164
TMEM97,HLA-DMA,BCAP31,CAPZA2,NDUFV3,IFI27L2,NDUFV3,IFI27L2,,PAIP2
IMP3,PAIP2,SDF2L1,NFU1,GARS,TXNIP,GARS,TXNIP,,PLSCR1
GTPBP4,LSM6,NBEAL1,C1QTNF4,SCO1,GOLGA2,SCO1,GOLGA2,,PCBP2
PCM1,BLOC1S1,LRPPRC,RAB13,CSTF3,FCGRT,CSTF3,FCGRT,,CPNE3
HSPBP1,DUSP6,MESDC2,MSRB2,APLP2,CD109,APLP2,CD109,,IGHM
PSAT1,TPT1,RHOG,MPLKIP,C12orf45,BLOC1S2,C12orf45,BLOC1S2,,SSBP3
BRMS1,RPS18,TMEM147,GIMAP7,AC090498.1,VEGFB,AC090498.1,VEGFB,,CD79B
MRPS21,GNAI1,GLUL,LTB,MSANTD3,KMT2E,MSANTD3,KMT2E,,TP53TG1
EXD3,CD164,COTL1,LACTB2,GOT1,CCDC53,GOT1,CCDC53,,CD48
SYNCRIP,HHEX,HCST,SCP2,PTPN18,PHF14,PTPN18,PHF14,,ALYREF
MT-ND1,MTRNR2L12,RP11-620J15.3,TRAF3IP2,SMARCE1,ROBO3,SMARCE1,ROBO3,,FLYWCH2
SNF8,FCGRT,BRMS1,TCF4,SMIM4,LAPTM4A,SMIM4,LAPTM4A,,HLA-DMA
ENDOG,PTPRC,IRAK1,HLA-DQA1,RFC3,ANXA5,RFC3,ANXA5,,CAST
SRRM1,HOXA7,LAS1L,TRIM22,UQCC2,MZB1,UQCC2,MZB1,,GLS
SEC61A1,HOXA9,PLEK,CAST,ADAM15,BLVRB,ADAM15,BLVRB,,CAPZA2
MYO1F,GMFG,PRPF38B,CYSTM1,USP48,BBX,USP48,BBX,,TRIM22
MRPS12,DLK1,YTHDC1,NFKBIA,NRGN,TRMT5,NRGN,TRMT5,,XPA
EEF2,TMEM14C,CALR,MED30,GTF3A,FAM26F,GTF3A,FAM26F,,RGS10
PSMD3,MFAP2,EIF3B,KIAA0125,VIMP,HOXA7,VIMP,HOXA7,,TCF4
YARS,SVIP,TGOLN2,MARCKS,DLD,TMEM205,DLD,TMEM205,,GNA12
PUM3,HINT1,LONP1,BLVRB,RBBP4,PIGT,RBBP4,PIGT,,MSRB2
GAPDH,MZB1,SMARCA4,MZB1,EFTUD2,GSTK1,EFTUD2,GSTK1,,BLVRB
RPL35,HLA-DMB,ENDOG,GLYATL2,EIF4A3,MDH1,EIF4A3,MDH1,,PTPRC
SSR1,UQCRB,PUM3,TRBC2,EBNA1BP2,PLSCR1,EBNA1BP2,PLSCR1,,CD109
UBL5,EBPL,RRBP1,LIMS1,SUPT16H,MRPL45,SUPT16H,MRPL45,,SRP9
SHMT2,ABI3,RAC3,SCAMP2,NUCB1,LINC01420,NUCB1,LINC01420,,CTSS
PHPT1,ATXN2L,MYH9,MRPL16,RP11-382A20.3,CPNE3,RP11-382A20.3,CPNE3,,BLOC1S2
HAX1,LST1,RPL28,HLA-DMB,PRPF6,RHOF,PRPF6,RHOF,,GUCY1A3
ATP5E,TNFRSF4,NAA38,OCIAD2,SAMD1,METTL9,SAMD1,METTL9,,CDC26
ARRB2,TOP2A,FAM195A,NUTF2,DAP3,BCL3,DAP3,BCL3,,CMC1
URI1,RPS27L,VIMP,BLOC1S2,CNTRL,DOCK2,CNTRL,DOCK2,,MED30
SLC7A5,ITM2C,MFSD10,PFDN4,MIF4GD,GCC2,MIF4GD,GCC2,,BLOC1S1
PSMA7,SUMO2,EFTUD2,PAIP2,RBM39,DUSP3,RBM39,DUSP3,,SELK
RNASEH1,SNCA,RUVBL1,GCA,PGD,STK10,PGD,STK10,,ITM2C
RAB32,CAPZA2,ADRM1,GTF2H5,C1D,RAB11A,C1D,RAB11A,,LPIN1
XRCC6,CD99,ANXA1,CCDC25,RPAP3,PROM1,RPAP3,PROM1,,NTPCR
PXK,PLGRKT,ATF4,STAT1,CALM3,NRIP1,CALM3,NRIP1,,GRINA
LYZ,ALDH1A1,PCM1,TM4SF1,EIF2B1,CHCHD1,EIF2B1,CHCHD1,,SCP2
MFSD10,LSM8,PDCD11,CD74,TARDBP,HEXB,TARDBP,HEXB,,BTG1
NOLC1,CTHRC1,RPS10,CHCHD1,FTSJ2,MICU1,FTSJ2,MICU1,,SDHD
RPS19BP1,MYL12A,FKBP11,CHMP2B,MCFD2,RNF115,MCFD2,RNF115,,IFI27L2
SF3B5,RPS29,DSTN,MAGED2,EIF4G1,ACSL3,EIF4G1,ACSL3,,MYL12A
STUB1,ELMSAN1,ADRBK1,IFI27L2,INTS10,GLG1,INTS10,GLG1,,REXO2
ST3GAL4,TROAP,EIF4G1,RCBTB2,NRM,MSRB2,NRM,MSRB2,,BRI3
SSRP1,SRSF9,TMED3,CTSS,PYGL,COMMD9,PYGL,COMMD9,,JAK3
CD33,S100Z,KIF5B,RPS24,RABL6,CRHBP,RABL6,CRHBP,,MAGED2
GFI1B,BRI3,DDX49,CD164,RPL17,SCAMP2,RPL17,SCAMP2,,MPV17
COX7B,BLVRB,STUB1,PRDX1,TRIM28,CST3,TRIM28,CST3,,NFU1
YDJC,TPRKB,PTBP1,GPSM3,MLH1,CAMTA1,MLH1,CAMTA1,,CYB5A
PTPN7,NDUFA4,GTPBP4,KRAS,MRPS22,ARPP19,MRPS22,ARPP19,,DERA
PABPC4,LINC00998,FLNA,PLAC8,SNHG19,BCL7B,SNHG19,BCL7B,,CCDC109B
SMARCA4,RABAC1,IDH3B,CYB5A,HDLBP,ZNHIT3,HDLBP,ZNHIT3,,GCSAML
HMGN2,SMDT1,ECI1,CTHRC1,SUPT4H1,KEAP1,SUPT4H1,KEAP1,,LSM6
SNRPG,RPS27A,TECR,IAH1,VSIG10,TRIP6,VSIG10,TRIP6,,RGS19
LDHA,SH3BGRL,ITGA4,HOXA7,TIPIN,ENG,TIPIN,ENG,,SAT2
C19orf70,GIMAP7,NAA10,BCL11A,ATG101,ANKRD12,ATG101,ANKRD12,,GCA
GLUL,GNAI2,SNF8,S100Z,FBXW9,MSRA,FBXW9,MSRA,,LTA4H
PPP6R1,SDHC,SORD,LPXN,DDX27,PARP14,DDX27,PARP14,,CERS2
SRRM2,PARP14,ECE2,TMEM256,MYCBP,SYF2,MYCBP,SYF2,,TPRKB
ATP5I,SCP2,HSPA5,LPIN1,ADAR,S100Z,ADAR,S100Z,,DEGS1
GADD45GIP1,MSRB2,URI1,BAALC,UBE2V2,PTPRC,UBE2V2,PTPRC,,9-Sep
FKBP11,PSMA5,MRPS34,MS4A4A,THG1L,HLA-DQB1,THG1L,HLA-DQB1,,DDAH2
TMED3,ZNF706,SPN,GIMAP1,TSR1,GNG11,TSR1,GNG11,,SVIP
SQLE,GLYATL2,PGP,DDAH2,EIF4G2,TRNAU1AP,EIF4G2,TRNAU1AP,,PRMT2
RUVBL1,EPB41L4A-AS1,EPN1,SOCS2,NOP16,MTRNR2L12,NOP16,MTRNR2L12,,TMEM219
TIMM10,CAST,LYZ,CYP1B1,LARS,LINC00152,LARS,LINC00152,,PDLIM2
THRAP3,SELK,ILF3,PTPRC,SPPL2B,SMIM24,SPPL2B,SMIM24,,SSBP2
STRA13,SDHD,RPS28,RPS18,ATP6AP1,LIMS1,ATP6AP1,LIMS1,,EBPL
CHPT1,MAGED2,SMARCC1,LINC01420,PRPF31,NUTF2,PRPF31,NUTF2,,TMEM256
PGD,PTTG1,ATP6V0B,NRIP1,DEAF1,MRPL33,DEAF1,MRPL33,,KRAS
GRPEL1,SSBP3,RNASET2,NGFRAP1,DDX11,NTPCR,DDX11,NTPCR,,TMEM14C
MCM5,CCDC53,SLC1A5,GALNT2,KMT2C,MS4A4A,KMT2C,MS4A4A,,PCBD1
SORD,ATP6V1F,C9orf78,MLLT3,PCID2,SPATS2,PCID2,SPATS2,,SNRNP40
PLEKHB2,RCBTB2,RILPL2,HLA-DMA,USP10,PPP6C,USP10,PPP6C,,CD59
DSTN,RPL11,TOMM5,UPF3A,KATNB1,SELK,KATNB1,SELK,,UBE2L6
DKC1,C11orf31,NKTR,GLIPR1,MFSD12,ABI3,MFSD12,ABI3,,SDHC
HPGDS,LINC01420,RUNX1,SDHC,NUDT8,HINT2,NUDT8,HINT2,,GCHFR
NCOA4,RPL19,GPATCH4,ZNRD1,TPGS2,ELN,TPGS2,ELN,,LPXN
TDG,CPNE3,NPW,HSPB11,AIP,PITPNA,AIP,PITPNA,,CD99
PDCD11,DDAH2,IQGAP2,DUSP6,TNFRSF1A,LYPLAL1,TNFRSF1A,LYPLAL1,,C4orf27
VAT1,DUSP3,TXNRD1,IGHD,DENR,UBE2E3,DENR,UBE2E3,,SRSF9
METTL12,GNAS,EIF4A1,BLOC1S1,NDUFS1,MCM2,NDUFS1,MCM2,,TSC22D4
PSMD7,NDUFB8,MRPS26,SPINK2,PSMG4,RP11-25K19.1,PSMG4,RP11-25K19.1,,ISCA2
SMARCC1,TRMT112,XBP1,MLF2,DGKE,MLLT3,DGKE,MLLT3,,LINC01420
TIMM8B,TMSB4X,VCP,S100B,GDE1,ZMYM2,GDE1,ZMYM2,,MGMT
TCF25,FTH1,RPS19BP1,BRI3,EPN1,EIF2A,EPN1,EIF2A,,SH3BGRL
HSPA8,TP53TG1,CEBPA,UBALD2,PES1,NSRP1,PES1,NSRP1,,COMMD2
TRAP1,INPP4B,SLC39A3,RPS27A,NDUFA13,CYLD,NDUFA13,CYLD,,BAALC
CENPV,RPL9,CMSS1,MX1,FO538757.2,POU2F1,FO538757.2,POU2F1,,DPY30
TXNL4A,FLYWCH2,TIMP1,CTNNB1,LRRC59,ANAPC10,LRRC59,ANAPC10,,GAPT
MT-CO3,BLOC1S2,METTL12,ITM2C,IREB2,TCTEX1D2,IREB2,TCTEX1D2,,GPN3
SYNGR2,BTF3,DHCR7,SNX3,LAS1L,KATNBL1,LAS1L,KATNBL1,,FERMT3
IQGAP2,RPS7,SIGMAR1,TPRKB,TRAPPC2L,SCAI,TRAPPC2L,SCAI,,TFPT
LSM7,HNRNPH1,TNFAIP8,HNRNPH1,TSN,IFNGR2,TSN,IFNGR2,,BNIP3L
EIF4A1,LPIN1,PDIA3,MYL12A,DPM2,XPA,DPM2,XPA,,PSENEN
ADRBK1,SEPW1,PMM2,MMRN1,AGPAT2,RBM22,AGPAT2,RBM22,,TRBC2
PNP,MYL6,SF3B1,ALYREF,TMED3,SEC11A,TMED3,SEC11A,,CHMP2B
PRMT1,UBE2L6,MCM5,SH3BGRL,WRN,DNAJC4,WRN,DNAJC4,,GTF2H5
RUNX1,PPIA,TMEM97,SMDT1,NOM1,CTSS,NOM1,CTSS,,CPXM1
DCTPP1,IGHD,CCDC124,CD47,MYDGF,LST1,MYDGF,LST1,,IAH1
ATP5A1,CRHBP,RPL7L1,C4orf3,DHX9,GCA,DHX9,GCA,,GRN
PDIA6,KRT10,TUBB6,RP11-251M1.1,LRR1,NUP54,LRR1,NUP54,,LST1
PRPF6,TRAF3IP2,ST3GAL4,PSMA5,POLR2D,PDS5A,POLR2D,PDS5A,,TMEM59
ANKRD13D,EIF3E,JARID2,CD48,TUBGCP2,WDR54,TUBGCP2,WDR54,,KMT2A
YIF1A,GIMAP1,ISOC2,AKR1A1,MTRNR2L8,GLIPR1,MTRNR2L8,GLIPR1,,UBALD2
COX7A2,PHACTR1,MMAB,HLA-E,PPP4R2,WIPI2,PPP4R2,WIPI2,,GABARAPL2
GHITM,PCBD1,MYO1F,LPAR6,MATK,BCR,MATK,BCR,,PSMA1
USP48,FXYD5,SNHG19,RGS10,VPS51,VPS37B,VPS51,VPS37B,,MPLKIP
FLNA,PSMA1,CTSG,GTF2A2,HDDC3,MYO19,HDDC3,MYO19,,CASP4
THOP1,CDC26,PABPC4,PRSS2,EZH2,ABCB7,EZH2,ABCB7,,CFAP97
ATF4,TRIM22,DKC1,LST1,PTP4A2,PLEKHA5,PTP4A2,PLEKHA5,,LSM8
GPATCH4,MX1,POLE3,HLA-DRA,STUB1,H2AFY2,STUB1,H2AFY2,,DYNLT1
MAZ,PLSCR1,ERP29,MDK,ROMO1,SNX1,ROMO1,SNX1,,PSMA5
ATP5B,RPL32,ARHGDIA,LSM6,CNOT1,RIMKLB,CNOT1,RIMKLB,,SELL
IER3IP1,LPXN,PRAM1,LSM8,TOR3A,PHF20,TOR3A,PHF20,,MLF2
ALG3,PROCR,CLEC11A,SVIP,SLC25A1,SLC50A1,SLC25A1,SLC50A1,,ATP5S
COX6B1,TCF4,PPP6R1,ATP5H,DUS1L,SEC63,DUS1L,SEC63,,SCAMP2
CCT5,IGFBP7,TIMM10,SUMO1,ODF2,MAP3K8,ODF2,MAP3K8,,RABAC1
HSPA9,ZNRD1,PXK,SEPW1,SRRT,SPINT2,SRRT,SPINT2,,ISG15
PRELID1,GTF2A2,SQLE,ZCRB1,FBXW11,C4orf27,FBXW11,C4orf27,,GLRX
CCT7,IGHM,HSPBP1,H3F3A,TCERG1,RIOK3,TCERG1,RIOK3,,GPSM3
CCT3,CYB5A,PODXL2,LRRC75A,TOX4,UCHL1,TOX4,UCHL1,,RAB13
TKT,MALAT1,ATAD2,LAMTOR5,DNPEP,FKBP8,DNPEP,FKBP8,,TRMT112
PPIB,ZCRB1,PDAP1,AES,IL27RA,SH3BGRL,IL27RA,SH3BGRL,,CKS2
POLE3,HMMR,CHKA,RPL19,PRPF38B,CAPZA2,PRPF38B,CAPZA2,,CDC40
NABP2,CMC1,EIF3A,IGFBP7,VPS4A,PTPN2,VPS4A,PTPN2,,ADA
RPS27,KRAS,MRPL41,TROAP,NPM3,IFI35,NPM3,IFI35,,PFDN4
SON,CHCHD1,HRH2,ITM2B,DCXR,C11orf58,DCXR,C11orf58,,NMI
NEAT1,XPA,ACAT2,RABAC1,EIF2B5,BRI3,EIF2B5,BRI3,,RMDN1
ATOX1,TXN,DCXR,DLK1,TWISTNB,NCOA7,TWISTNB,NCOA7,,DYNC1I2
ADRM1,TMEM256,FKBP4,CRHBP,COPRS,SUMO1,COPRS,SUMO1,,TRAPPC6A
ANXA2,GUCY1A3,ZEB2,CSTB,MRPS5,HHEX,MRPS5,HHEX,,PRKACB
MRPL41,CYSTM1,MRPS12,CAPZB,ORAI1,H3F3A,ORAI1,H3F3A,,RNF115
FDFT1,BAALC,FASN,CSNK2B,PIEZO1,SOCS2,PIEZO1,SOCS2,,DTNBP1
HNRNPU,MLF2,CENPV,TMEM14C,BAG6,TSEN34,BAG6,TSEN34,,TYW3
UQCR11,BTG1,IER2,HLA-B,IARS,DNAJB6,IARS,DNAJB6,,SMDT1
NCL,GNG5,EBNA1BP2,CD99,HMBS,ALDH2,HMBS,ALDH2,,CD82
GPI,CKS1B,H1FX,RPL11,PSMB5,AK6,PSMB5,AK6,,ZFAND6
RBM39,SCAMP2,SERPINB1,SHANK3,PSMG1,CMTM7,PSMG1,CMTM7,,BTF3L4
RNF24,RPL7A,RPL36,NDUFB3,HEBP1,SLC9A3R1,HEBP1,SLC9A3R1,,ZNF706
GARS,RGS19,FDFT1,PSMA1,NELFB,JMJD1C,NELFB,JMJD1C,,ZNRD1
ECI1,AES,CANX,PCBP2,BRI3BP,THAP5,BRI3BP,THAP5,,ZCRB1
PYGL,GTF2H5,GAL,S100A4,MRPL41,CSGALNACT2,MRPL41,CSGALNACT2,,CRTAP
NDUFB2,IFI27L2,RBM39,MPG,MAPKAPK3,CREG1,MAPKAPK3,CREG1,,KIAA1143
KRTCAP2,CHMP2B,ROMO1,PSMB8,TARS,MRPS36,TARS,MRPS36,,CCDC25
RNF130,LAMTOR5,PLIN2,PSME1,PNKP,SLU7,PNKP,SLU7,,RCN2
UQCR10,IAH1,EIF5,TRMT112,STIM1,DCTN2,STIM1,DCTN2,,IGFBP7
CEBPZ,TMEM219,VDAC1,HLA-DPB1,FAM173A,LSM1,FAM173A,LSM1,,ETHE1
STOML2,PNISR,DYNC1H1,ENY2,GNL3,GTF2H2,GNL3,GTF2H2,,AES
HSP90AB1,CD47,SYNCRIP,RPS29,NDUFAF4,CS,NDUFAF4,CS,,TLK1
PGP,CTNNB1,BSG,ATP5G2,LITAF,DHX40,LITAF,DHX40,,VAMP2
RPL22L1,CCDC109B,MT2A,RPL32,EEFSEC,OARD1,EEFSEC,OARD1,,MEAF6
BRI3BP,MPG,SUPT16H,EPB41L4A-AS1,MCM5,DERL2,MCM5,DERL2,,PTEN
FAM195A,GABARAPL2,TXNL4A,PNISR,ST3GAL2,ZNF277,ST3GAL2,ZNF277,,CHCHD1
FDPS,GPSM3,MCM3,KRT10,WDR60,LYN,WDR60,LYN,,LSM1
RAC3,RPS6,DDX18,BST2,GTPBP4,NEMF,GTPBP4,NEMF,,SWAP70
ADSS,DYNLL1,SSRP1,RP11-89K11.1,RAD23B,RDX,RAD23B,RDX,,NDUFB5
ARHGDIA,MED30,GHITM,RPS7,DGCR6L,SAMD9L,DGCR6L,SAMD9L,,HNRNPH1
RHOG,PFDN5,CCT7,EBPL,MBD4,ESF1,MBD4,ESF1,,UPF3A
DDX21,GLS,SMC1A,HLA-DPA1,ATG12,ETNK1,ATG12,ETNK1,,TAPBP
PDIA3,HSPB11,MRPL52,SRP9,TTF2,PPP4C,TTF2,PPP4C,,SNX3
SLC1A5,PFDN4,EBP,KIAA0087,RANBP3,GYG1,RANBP3,GYG1,,MPG
HSP90B1,ATP5O,CDV3,MAGOH,C12orf65,FERMT3,C12orf65,FERMT3,,SEPW1
DDX49,ABRACL,UBE2M,TPT1,MPDU1,LRP5,MPDU1,LRP5,,BASP1
COPE,RPL15,PDIA6,ZNF706,RAP1B,SNRNP40,RAP1B,SNRNP40,,MBP
PPM1G,MPV17,TRIM28,HLA-C,GCHFR,GSTZ1,GCHFR,GSTZ1,,KRT10
TUBB6,SNX3,STOML2,ABRACL,GALNT1,ACP1,GALNT1,ACP1,,SYF2
DDX18,BCL11A,FDPS,ARPC3,TBCD,TINF2,TBCD,TINF2,,PIH1D1
ROMO1,CTSS,PHGDH,AVP,TBL1XR1,IGBP1,TBL1XR1,IGBP1,,CD34
TOMM5,PSME2,EIF4EBP1,GSTP1,DDX55,MRPL16,DDX55,MRPL16,,ADI1
BOP1,C4orf27,MYBL2,SRSF9,RRP7A,PCGF5,RRP7A,PCGF5,,EPB41L4A-AS1
FKBP4,MPLKIP,CCDC85B,RPL9,NDUFAF2,HLA-E,NDUFAF2,HLA-E,,GSTK1
CYCS,RP11-251M1.1,TCF25,RPS6,C4orf48,SEC31A,C4orf48,SEC31A,,FNTA
RNASET2,DEGS1,HSPA9,RPL7A,STXBP3,VPS36,STXBP3,VPS36,,TCEAL4
NBEAL1,KIAA0087,TOMM40,AIF1,TUFM,TERF1,TUFM,TERF1,,POLR3GL
GALNT1,NFU1,HMGCS1,RPL15,SSBP4,HOPX,SSBP4,HOPX,,USP15
DPM3,COX6A1,ATOX1,HINT1,AP1M1,MEF2C,AP1M1,MEF2C,,SPTBN1
PGK1,UPF3A,SLC7A5,HLA-DRB1,LINC00116,KLF13,LINC00116,KLF13,,MRPL16
RRBP1,RAB13,GATA2,S100A11,PDCD4,RP11-598F7.3,PDCD4,RP11-598F7.3,,RALA
XBP1,CD59,MRPL12,CKS2,ISOC2,USP15,ISOC2,USP15,,CRYGD
EBNA1BP2,TMEM59,PSMC3,ZFAS1,GBAS,CD53,GBAS,CD53,,CD47
EIF4EBP1,VIM,MAZ,CKS1B,MRPS17,LINC01003,MRPS17,LINC01003,,TGFB1
CCDC85B,STAB1,C8orf82,TNFRSF4,UMPS,RNF5,UMPS,RNF5,,PIM1
PLEK,FERMT3,HSP90B1,NDUFB8,NT5DC2,RGS19,NT5DC2,RGS19,,LAMTOR5
POLR2I,CD79B,FAM46A,HLA-A,IMP3,LTB,IMP3,LTB,,PNISR
SURF4,SLC25A5,DDIT4,FTH1,TMEM106C,BUD31,TMEM106C,BUD31,,NUDT21
TOMM7,NDUFB5,MYEOV2,ATP6V1F,WDR18,MPHOSPH8,WDR18,MPHOSPH8,,CSNK2B
FAM46A,RP11-89K11.1,COPE,C11orf31,CALR,BIN1,CALR,BIN1,,ANKRD12
NOP56,TXNIP,PSMD7,RPL29,REXO4,GNPTG,REXO4,GNPTG,,UBE2A
EIF3B,CENPF,FBL,PSIP1,BTG3,TBC1D10C,BTG3,TBC1D10C,,GTF2A2
SLC27A2,CD109,TUFM,HMMR,CFAP20,ALYREF,CFAP20,ALYREF,,LGALS9
DCXR,CCDC25,VAT1,BTF3,PSMD14,RP11-89K11.1,PSMD14,RP11-89K11.1,,LAPTM4A
MCM3,PDCD5,THRAP3,UQCRB,PUM1,BZW2,PUM1,BZW2,,OXLD1
SUPT16H,UBALD2,DCTPP1,ATP5O,IDH3B,ALDH1A1,IDH3B,ALDH1A1,,LINC00152
PODXL2,C4orf3,POLR2I,RPL6,TXNL1,DYNC1I2,TXNL1,DYNC1I2,,ARPP19
RPS26,GCHFR,SLBP,GNG5,BCL2L12,CYTL1,BCL2L12,CYTL1,,ESF1
MYEOV2,RPL27A,SLC27A2,GNAI2,PYURF,CYSTM1,PYURF,CYSTM1,,YEATS4
RPL36,DPY30,CFD,GMFG,IFT57,NDUFA5,IFT57,NDUFA5,,RPL39L
NUDC,SHANK3,NUDC,PTTG1,EI24,RSF1,EI24,RSF1,,CISD1
AGPAT2,CBX2,ODC1,SUMO2,USE1,UVRAG,USE1,UVRAG,,AK6
ACAT2,TMSB10,MCM7,NDUFA4,MRPS6,TTF1,MRPS6,TTF1,,UBE2B
RASGRP2,JAK3,PPM1G,PDCD5,TAOK3,HIBADH,TAOK3,HIBADH,,MMADHC
ALDOA,GCA,SF3B2,PPIA,YTHDC1,CCAR1,YTHDC1,CCAR1,,EVL
RP5-1171I10.5,GNA12,SRRM2,TMSB10,B4GALT2,JKAMP,B4GALT2,JKAMP,,JAK1
AFG3L2,TRBC2,MT-ND4,DYNLL1,SMS,LPP,SMS,LPP,,PYCR2
BCAP31,9-Sep,MPO,GNAS,CNDP2,ADI1,CNDP2,ADI1,,EIF2AK4
RPL28,SNRNP40,CRNDE,FXYD5,SNHG15,ZNF436-AS1,SNHG15,ZNF436-AS1,,APP
MYC,LACTB2,HPGDS,TUBA1C,NKTR,PRSS2,NKTR,PRSS2,,S100A6
TPI1,CYBA,MTDH,RPL27A,GALK1,IGHD,GALK1,IGHD,,DECR1
SLC27A5,OPTN,IGFBP2,PSME2,RRP1,RPA1,RRP1,RPA1,,CAMTA1
FCER1A,MMRN1,GDI2,TXN,MRPL2,ALAS1,MRPL2,ALAS1,,HAT1
PGAM1,TUBA1C,SLIRP,HMGB2,MCM3,HLA-B,MCM3,HLA-B,,ENY2
PRAM1,ENY2,SLC16A3,TMSB4X,PDRG1,TM2D3,PDRG1,TM2D3,,COMT
POLR2L,NTPCR,HN1,MYL6,EXOSC5,COA6,EXOSC5,COA6,,TSTD1
LMO4,LPAR6,USMG5,COX6A1,DAZAP2,PDCL,DAZAP2,PDCL,,EIF2A
TUFM,CYSLTR1,MYC,EIF3E,HOXA10,FAM21A,HOXA10,FAM21A,,HSPB11
IFITM1,PDLIM2,NOP56,RPS27L,CDC34,C8orf33,CDC34,C8orf33,,MPHOSPH8
MLEC,RPL29,PLAUR,VIM,HNRNPA0,RGL4,HNRNPA0,RGL4,,PDHB
LRPAP1,MAGOH,GADD45GIP1,SLC25A5,TOMM5,GIMAP1,TOMM5,GIMAP1,,MPC2
LRRC59,CSNK2B,UBE2S,HLA-DRB5,PIN1,IGF2BP3,PIN1,IGF2BP3,,MRPL23
TMEM258,MRPL16,HNRNPU,PFDN5,AGO3,LIMD2,AGO3,LIMD2,,MAGOH
ATP6V0B,RPL6,PSMD8,CENPF,TTC1,SH3GLB1,TTC1,SH3GLB1,,CCNB1IP1
MTDH,S100B,TIMM13,UBE2C,NUP210,PSMA5,NUP210,PSMA5,,SCCPDH
H1FX,ADA,RPS27,CYBA,DNAJC9,ANKRD28,DNAJC9,ANKRD28,,PSMG2
MRPL52,PSIP1,RPL36A,MALAT1,CPSF4,BAALC,CPSF4,BAALC,,NPDC1
ZEB2,SUMO1,SON,,SNRNP200,EBAG9,SNRNP200,EBAG9,,PPP4C
VDAC1,,TIMM8B,,KRIT1,DDAH2,KRIT1,DDAH2,,SARAF
GAL,,CYCS,,C22orf39,PPP1R18,C22orf39,PPP1R18,,HPRT1
RPS28,,CCT8,,EIF4A1,METTL21A,EIF4A1,METTL21A,,MTCH1
SNHG25,,MRPS21,,CMC2,OTUD6B-AS1,CMC2,OTUD6B-AS1,,HMG20B
MRPS34,,DDX21,,DRG1,PLAC8,DRG1,PLAC8,,MED28
FAM107B,,CD84,,MRPS25,SDHC,MRPS25,SDHC,,UBE2E1
RPL41,,CCT3,,SLC1A5,TOMM20,SLC1A5,TOMM20,,FAM26F
SLC39A3,,TMEM258,,SLC38A5,MCTP2,SLC38A5,MCTP2,,DHFR
ODC1,,SERBP1,,IPO5,RTN4,IPO5,RTN4,,UBE2E3
SPI1,,TXNDC17,,CECR5,GAPT,CECR5,GAPT,,C4orf3
USMG5,,NUCB2,,PRC1,STAT1,PRC1,STAT1,,CARD19
MRPS26,,HSPD1,,WDR3,MAD1L1,WDR3,MAD1L1,,POLR2J
SDF2L1,,EXD3,,TRIM14,SUN2,TRIM14,SUN2,,ZNRF1
MT-ND5,,C19orf70,,BCAP31,TRIM38,BCAP31,TRIM38,,ABRACL
RUVBL2,,PGAM1,,NCBP2,FAM19A2,NCBP2,FAM19A2,,PABPN1
C14orf2,,UQCRQ,,XPO1,TSG101,XPO1,TSG101,,LYN
ITGA4,,SRM,,FLAD1,APP,FLAD1,APP,,ARL6IP5
MT-ND4,,PA2G4,,TMEM177,EIF2AK4,TMEM177,EIF2AK4,,CCAR1
MT2A,,PPIB,,PHACTR2,LAPTM5,PHACTR2,LAPTM5,,SYPL1
FBL,,CST7,,BARD1,MAGED2,BARD1,MAGED2,,UBE2N
FAM45A,,MT-CYB,,MTIF2,ELMSAN1,MTIF2,ELMSAN1,,TAF7
MT-CYB,,PSAT1,,AGPS,DCAF11,AGPS,DCAF11,,RAB11A
TOMM40,,PRDX4,,RUVBL2,NPC2,RUVBL2,NPC2,,VPS29
LGALS1,,MT-CO3,,FAM107B,NT5DC1,FAM107B,NT5DC1,,DTD1
TIMM13,,CCT5,,FNBP4,MX1,FNBP4,MX1,,ANKRD28
ISOC2,,GFI1B,,GTPBP3,HLA-DQA1,GTPBP3,HLA-DQA1,,SRSF5
MCM7,,RPL35,,GLA,ISCU,GLA,ISCU,,SUMO1
RPL37A,,TKT,,EIF3B,DUSP6,EIF3B,DUSP6,,CTSC
PRSS57,,HNRNPM,,IARS2,ATE1,IARS2,ATE1,,CDC42
SRM,,PRSS57,,UFM1,FOXN3,UFM1,FOXN3,,C14orf1
COTL1,,LGALS1,,PSMD6,DLK1,PSMD6,DLK1,,MSRB3
RPL17,,GAPDH,,SLC39A3,LINC00998,SLC39A3,LINC00998,,MDH1
EIF3A,,SF3B5,,GMPS,NNT-AS1,GMPS,NNT-AS1,,MED10
HSPD1,,PGK1,,RAB5C,ADGRG1,RAB5C,ADGRG1,,LAP3
ANXA1,,ATP5A1,,WDR43,GTPBP8,WDR43,GTPBP8,,HMGN3
MYB,,SRRM1,,THUMPD3,MRPL50,THUMPD3,MRPL50,,PMF1
SERBP1,,PRMT1,,CARM1,MMS22L,CARM1,MMS22L,,PDCD10
PA2G4,,C14orf2,,PPFIA1,CD52,PPFIA1,CD52,,SEC11A
CST7,,RPS5,,RAB14,TXNDC9,RAB14,TXNDC9,,PTMS
NME2,,FCER1G,,TIMM50,CDC5L,TIMM50,CDC5L,,NUDT8
C4orf48,,HIST1H4C,,POLE3,LRRC75A,POLE3,LRRC75A,,DCTN3
TRIM28,,NDUFB2,,MKKS,IAH1,MKKS,IAH1,,MGST3
TIMP1,,APRT,,HSPD1,SNX3,HSPD1,SNX3,,HP1BP3
UBE2M,,UQCR10,,UBTF,KIAA1033,UBTF,KIAA1033,,ESD
APLP2,,MT-ND5,,TCAIM,CMTM8,TCAIM,CMTM8,,TMEM165
FARSA,,ATP5I,,TMEM9,SQSTM1,TMEM9,SQSTM1,,CKS1B
UQCRQ,,SNRPG,,IMMT,PDLIM2,IMMT,PDLIM2,,ACP1
SLIRP,,RPS26,,PNRC2,ABLIM1,PNRC2,ABLIM1,,SMIM19
SAMD1,,POLR2L,,RUNX1,MAPRE2,RUNX1,MAPRE2,,POLR2K
MYDGF,,PRELID1,,UBE2G2,TP53TG1,UBE2G2,TP53TG1,,CD37
RPL36A,,RPL22L1,,ELP6,JUP,ELP6,JUP,,ADH5
SNHG19,,XRCC6,,METTL5,SH3BP5,METTL5,SH3BP5,,C6orf48
RP11-620J15.3,,PHPT1,,SMIM12,JAK3,SMIM12,JAK3,,CELF2
NUCB2,,HSP90AB1,,RAB10,THOC2,RAB10,THOC2,,PSMB4
CLEC11A,,TPI1,,HPS1,CD74,HPS1,CD74,,HIGD2A
MATK,,NEAT1,,NME2,CCDC28B,NME2,CCDC28B,,ORMDL1
UBE2S,,UQCR11,,TSSC4,C14orf1,TSSC4,C14orf1,,CWC15
MT-ND6,,UBL5,,ECI1,CKAP4,ECI1,CKAP4,,EIF1B
PLIN2,,CD63,,TGFBRAP1,RPL11,TGFBRAP1,RPL11,,RSBN1L
HCST,,TOMM7,,CD3EAP,ANPEP,CD3EAP,ANPEP,,FRG1
SERPINB1,,ATP5B,,GPI,PIM1,GPI,PIM1,,ZDHHC12
MT-ND3,,ALDOA,,6-Mar,USP9X,6-Mar,USP9X,,CCDC167
AC090498.1,,TCEB2,,TECR,NUDCD2,TECR,NUDCD2,,TMEM230
NDUFA13,,MT-ND1,,RBPJ,CFAP97,RBPJ,CFAP97,,FKBP3
HSPA5,,COX7A2,,STK24,HNRNPL,STK24,HNRNPL,,CSNK1A1
CEBPA,,SET,,EPRS,INPP5D,EPRS,INPP5D,,ZNHIT1
RPS10,,COX6B1,,PAFAH1B1,TNFRSF14,PAFAH1B1,TNFRSF14,,TLN1
NAA38,,COX7B,,NAP1L4,LONP2,NAP1L4,LONP2,,ARPC5
NPW,,PSMA7,,KIAA0368,OCIAD2,KIAA0368,OCIAD2,,PFDN1
IGFBP2,,HMGN2,,RSRP1,C15orf39,RSRP1,C15orf39,,THOC2
FAM101B,,FCER1A,,CDK13,HLA-DMB,CDK13,HLA-DMB,,RALBP1
CTSG,,FTL,,CIAO1,GABARAPL2,CIAO1,GABARAPL2,,CARHSP1
GATA2,,LSM7,,GPATCH4,GLS,GPATCH4,GLS,,GTF2I
P4HB,,LDHA,,ZFP90,ORAI3,ZFP90,ORAI3,,NDUFA5
HIST1H4C,,,,CUL1,AKAP7,CUL1,AKAP7,,ICAM3
MIF,,,,GNL1,GTF2H5,GNL1,GTF2H5,,LAPTM5
SRGN,,,,PTGES2,DGUOK,PTGES2,DGUOK,,RWDD1
CALR,,,,JMJD8,NAA16,JMJD8,NAA16,,TRAPPC1
MPO,,,,C1orf123,SEC22B,C1orf123,SEC22B,,BZW2
IGLL1,,,,EXOSC3,DNAJB14,EXOSC3,DNAJB14,,UROD
,,,,CDK5RAP1,TMEM167A,CDK5RAP1,TMEM167A,,COMMD4
,,,,DIS3,ERBB2IP,DIS3,ERBB2IP,,DNAJC19
,,,,PANK2,MESDC1,PANK2,MESDC1,,TPGS2
,,,,RTFDC1,FAM3A,RTFDC1,FAM3A,,15-Sep
,,,,OTUD4,RP11-1094M14.11,OTUD4,RP11-1094M14.11,,MED4
,,,,ZNF37A,ARPC5,ZNF37A,ARPC5,,NONO
,,,,EIF2S2,MARCKS,EIF2S2,MARCKS,,ZNF22
,,,,SLC2A4RG,ENY2,SLC2A4RG,ENY2,,MYL6B
,,,,GGCX,NPEPPS,GGCX,NPEPPS,,ASAH1
,,,,MDH2,CTSD,MDH2,CTSD,,METTL9
,,,,LARP1B,SLC4A1AP,LARP1B,SLC4A1AP,,AKR1B1
,,,,PSMD1,CAPG,PSMD1,CAPG,,FAM133B
,,,,PAFAH1B3,NFKBIA,PAFAH1B3,NFKBIA,,NDUFS4
,,,,RAE1,RPUSD1,RAE1,RPUSD1,,RFC1
,,,,MT-ND3,TMEM55A,MT-ND3,TMEM55A,,DNAJC21
,,,,DUSP22,ZNF684,DUSP22,ZNF684,,6-Sep
,,,,NT5C3A,TPT1,NT5C3A,TPT1,,ATP6V1G1
,,,,TXN2,C4orf33,TXN2,C4orf33,,KIF2A
,,,,S1PR4,MFNG,S1PR4,MFNG,,COA4
,,,,GCAT,NDUFB9,GCAT,NDUFB9,,SNW1
,,,,ARMC6,TMEM230,ARMC6,TMEM230,,UBXN4
,,,,IKBIP,TBC1D15,IKBIP,TBC1D15,,SNX6
,,,,THOP1,SMDT1,THOP1,SMDT1,,SMAP1
,,,,CD34,ERF,CD34,ERF,,DCTN2
,,,,FADS1,M6PR,FADS1,M6PR,,DNAJC15
,,,,FBL,MAPKAP1,FBL,MAPKAP1,,TMEM50A
,,,,CSF3R,SBDS,CSF3R,SBDS,,TFDP2
,,,,TIMM8A,RP11-83A24.2,TIMM8A,RP11-83A24.2,,ETV6
,,,,LMO2,RCBTB2,LMO2,RCBTB2,,C11orf58
,,,,SPI1,GIMAP7,SPI1,GIMAP7,,PAPOLA
,,,,CD2AP,NMD3,CD2AP,NMD3,,TCEAL8
,,,,RRM1,ARMCX6,RRM1,ARMCX6,,PYCARD
,,,,NAA38,ZCRB1,NAA38,ZCRB1,,MRPL33
,,,,PA2G4,CMC1,PA2G4,CMC1,,EWSR1
,,,,YARS,SUPT6H,YARS,SUPT6H,,DYNLRB1
,,,,CENPK,MAP3K13,CENPK,MAP3K13,,DNAJA1
,,,,SPG21,NADK2,SPG21,NADK2,,ACBD6
,,,,COPS2,2-Mar,COPS2,2-Mar,,OCIAD1
,,,,ITPA,MBD5,ITPA,MBD5,,APH1A
,,,,TMEM87A,SAT1,TMEM87A,SAT1,,BUB3
,,,,KHSRP,HLA-DMA,KHSRP,HLA-DMA,,RAB2A
,,,,SMARCA4,RABIF,SMARCA4,RABIF,,TPR
,,,,USP14,CCNC,USP14,CCNC,,COX14
,,,,PKMYT1,COPS4,PKMYT1,COPS4,,NUDCD2
,,,,PTBP1,TRBC2,PTBP1,TRBC2,,CHCHD5
,,,,PRPF4B,THOC5,PRPF4B,THOC5,,PRDX5
,,,,EBP,PIGP,EBP,PIGP,,CCDC12
,,,,PRADC1,HOOK3,PRADC1,HOOK3,,RPL26L1
,,,,MCM3AP,LUZP1,MCM3AP,LUZP1,,MARCKSL1
,,,,BCAS2,RPL39L,BCAS2,RPL39L,,CKLF
,,,,RBM8A,BAG5,RBM8A,BAG5,,MRPL18
,,,,BRAT1,NTAN1,BRAT1,NTAN1,,NANS
,,,,RHBDD2,CEP57L1,RHBDD2,CEP57L1,,THYN1
,,,,HMGXB4,AES,HMGXB4,AES,,PIN4
,,,,TRAIP,STX7,TRAIP,STX7,,MRPS7
,,,,EIF3A,RABL3,EIF3A,RABL3,,DGUOK
,,,,C11orf73,ATRAID,C11orf73,ATRAID,,M6PR
,,,,PPIP5K2,SNX20,PPIP5K2,SNX20,,ATRAID
,,,,STOM,UPF3A,STOM,UPF3A,,RNF181
,,,,IGLL1,RAC2,IGLL1,RAC2,,THOC7
,,,,FKBP4,IGFBP7,FKBP4,IGFBP7,,FKBP8
,,,,FPGS,ETFDH,FPGS,ETFDH,,FAM96B
,,,,MYBL2,EIF3G,MYBL2,EIF3G,,SEC62
,,,,NOC3L,ARHGAP1,NOC3L,ARHGAP1,,LINC00493
,,,,POLD3,UBXN4,POLD3,UBXN4,,ERGIC3
,,,,TXNRD1,MMRN1,TXNRD1,MMRN1,,RAC2
,,,,FAM136A,POLR1D,FAM136A,POLR1D,,MECOM
,,,,PPP6R1,ATXN2,PPP6R1,ATXN2,,
,,,,PARVG,CCDC117,PARVG,CCDC117,,
,,,,CCT3,RNF41,CCT3,RNF41,,
,,,,CENPB,CTNNB1,CENPB,CTNNB1,,
,,,,XBP1,USF2,XBP1,USF2,,
,,,,NIPA2,TRAPPC1,NIPA2,TRAPPC1,,
,,,,DDX1,ZNF26,DDX1,ZNF26,,
,,,,LRRC58,RAB37,LRRC58,RAB37,,
,,,,CAMLG,PTMS,CAMLG,PTMS,,
,,,,CCDC124,MYADM,CCDC124,MYADM,,
,,,,MINA,IFI44,MINA,IFI44,,
,,,,PNO1,RABAC1,PNO1,RABAC1,,
,,,,WTAP,RPS18,WTAP,RPS18,,
,,,,ASXL1,RSBN1,ASXL1,RSBN1,,
,,,,MRPS35,SEC23IP,MRPS35,SEC23IP,,
,,,,CBX3,NAGK,CBX3,NAGK,,
,,,,TRIM44,SESN3,TRIM44,SESN3,,
,,,,TMEM147,PRPSAP2,TMEM147,PRPSAP2,,
,,,,TIMM10,LSM8,TIMM10,LSM8,,
,,,,PIGS,CORO1B,PIGS,CORO1B,,
,,,,ADSL,SPINK2,ADSL,SPINK2,,
,,,,PSMD5-AS1,CYFIP2,PSMD5-AS1,CYFIP2,,
,,,,STAU1,ADD1,STAU1,ADD1,,
,,,,NPW,ZNHIT1,NPW,ZNHIT1,,
,,,,RNF4,HIGD2A,RNF4,HIGD2A,,
,,,,RPS19BP1,SHOC2,RPS19BP1,SHOC2,,
,,,,SMARCC1,IBTK,SMARCC1,IBTK,,
,,,,CIB1,CRBN,CIB1,CRBN,,
,,,,HTRA2,SCP2,HTRA2,SCP2,,
,,,,ADSS,LAMTOR1,ADSS,LAMTOR1,,
,,,,PABPC4,KIAA0232,PABPC4,KIAA0232,,
,,,,RPS6KB2,OSTF1,RPS6KB2,OSTF1,,
,,,,C17orf89,AHR,C17orf89,AHR,,
,,,,TRAP1,CIITA,TRAP1,CIITA,,
,,,,MRPL48,MDK,MRPL48,MDK,,
,,,,DHRS11,YWHAZ,DHRS11,YWHAZ,,
,,,,ANAPC7,BLOC1S1,ANAPC7,BLOC1S1,,
,,,,VPS35,NDUFB3,VPS35,NDUFB3,,
,,,,PPIH,TNFAIP8L2,PPIH,TNFAIP8L2,,
,,,,SARS,RPL19,SARS,RPL19,,
,,,,COA1,FRG1,COA1,FRG1,,
,,,,SLC25A39,C2orf49,SLC25A39,C2orf49,,
,,,,CEP170,FTH1,CEP170,FTH1,,
,,,,STAG1,BROX,STAG1,BROX,,
,,,,NUMA1,UNG,NUMA1,UNG,,
,,,,COLGALT1,CDC42EP3,COLGALT1,CDC42EP3,,
,,,,ANAPC5,GSKIP,ANAPC5,GSKIP,,
,,,,FAM98A,MAGOH,FAM98A,MAGOH,,
,,,,ADRBK1,SEL1L,ADRBK1,SEL1L,,
,,,,DCAF7,PARP9,DCAF7,PARP9,,
,,,,CHPT1,GIMAP2,CHPT1,GIMAP2,,
,,,,RAD9A,ESD,RAD9A,ESD,,
,,,,NAA20,TLN1,NAA20,TLN1,,
,,,,MLEC,TSTD1,MLEC,TSTD1,,
,,,,FAM101B,PCBP2,FAM101B,PCBP2,,
,,,,RPUSD3,RMDN1,RPUSD3,RMDN1,,
,,,,PRMT5,NUDT21,PRMT5,NUDT21,,
,,,,DAD1,TNFRSF4,DAD1,TNFRSF4,,
,,,,MYB,FAM127C,MYB,FAM127C,,
,,,,MRPS33,RBBP6,MRPS33,RBBP6,,
,,,,PTPN7,HPGD,PTPN7,HPGD,,
,,,,PAWR,AP1AR,PAWR,AP1AR,,
,,,,FAM45A,TMEM216,FAM45A,TMEM216,,
,,,,ECH1,AC004540.5,ECH1,AC004540.5,,
,,,,RAD21,TMEM91,RAD21,TMEM91,,
,,,,SPTAN1,LYZ,SPTAN1,LYZ,,
,,,,ATAD5,CTHRC1,ATAD5,CTHRC1,,
,,,,APBB1IP,ZFP14,APBB1IP,ZFP14,,
,,,,SLC5A6,RPE,SLC5A6,RPE,,
,,,,NUP93,AP1S1,NUP93,AP1S1,,
,,,,THRAP3,METTL23,THRAP3,METTL23,,
,,,,ETF1,NINJ2,ETF1,NINJ2,,
,,,,KRTCAP2,HNRNPH1,KRTCAP2,HNRNPH1,,
,,,,PGP,ARL6IP1,PGP,ARL6IP1,,
,,,,SFXN2,CD200,SFXN2,CD200,,
,,,,CIAPIN1,CSTB,CIAPIN1,CSTB,,
,,,,ORC6,MORN2,ORC6,MORN2,,
,,,,GNA15,TMEM30A,GNA15,TMEM30A,,
,,,,PHGDH,TNFRSF18,PHGDH,TNFRSF18,,
,,,,LTV1,NIN,LTV1,NIN,,
,,,,TRMT6,SS18,TRMT6,SS18,,
,,,,UGP2,KIAA0125,UGP2,KIAA0125,,
,,,,MTHFD1L,IFI16,MTHFD1L,IFI16,,
,,,,TRMT10B,EVL,TRMT10B,EVL,,
,,,,XPOT,RNF19A,XPOT,RNF19A,,
,,,,TSPAN17,ELP2,TSPAN17,ELP2,,
,,,,TMEM97,SCLT1,TMEM97,SCLT1,,
,,,,CBX5,MAP1A,CBX5,MAP1A,,
,,,,MAZ,RP11-390P2.4,MAZ,RP11-390P2.4,,
,,,,ODC1,TMEM256,ODC1,TMEM256,,
,,,,KDELR1,TLE4,KDELR1,TLE4,,
,,,,CDCA5,PSME1,CDCA5,PSME1,,
,,,,C14orf142,POC5,C14orf142,POC5,,
,,,,MGAT2,ALKBH5,MGAT2,ALKBH5,,
,,,,C21orf2,ZNRF1,C21orf2,ZNRF1,,
,,,,CTDSPL,CCDC173,CTDSPL,CCDC173,,
,,,,UXS1,RPL7A,UXS1,RPL7A,,
,,,,HRAS,HLA-DRA,HRAS,HLA-DRA,,
,,,,CD58,TMED2,CD58,TMED2,,
,,,,SLC16A1-AS1,SCAMP1-AS1,SLC16A1-AS1,SCAMP1-AS1,,
,,,,NRROS,ARL4C,NRROS,ARL4C,,
,,,,GLRX5,CBL,GLRX5,CBL,,
,,,,CCDC137,TRA2A,CCDC137,TRA2A,,
,,,,ITPR2,KLF6,ITPR2,KLF6,,
,,,,TAF9,NGFRAP1,TAF9,NGFRAP1,,
,,,,VDAC1,EDEM2,VDAC1,EDEM2,,
,,,,TXNL4A,RPL32,TXNL4A,RPL32,,
,,,,HDAC2,FHIT,HDAC2,FHIT,,
,,,,SURF2,ZC3H6,SURF2,ZC3H6,,
,,,,PDCD11,CMTR2,PDCD11,CMTR2,,
,,,,TRMT1,ARL13B,TRMT1,ARL13B,,
,,,,ATF5,ITM2C,ATF5,ITM2C,,
,,,,CCND3,ZNRD1,CCND3,ZNRD1,,
,,,,MRPL14,LSM3,MRPL14,LSM3,,
,,,,DDX21,DHRS12,DDX21,DHRS12,,
,,,,CTCF,OST4,CTCF,OST4,,
,,,,TIMM8B,TM4SF1,TIMM8B,,,
,,,,SRRM2,C7orf49,SRRM2,,,
,,,,NAA15,SETD5,NAA15,,,
,,,,ITGA4,ARGLU1,ITGA4,,,
,,,,E2F3,NPEPL1,E2F3,,,
,,,,CSNK1G2,SHANK3,CSNK1G2,,,
,,,,CHAF1A,MYL12A,CHAF1A,,,
,,,,ITM2A,NBEAL2,ITM2A,,,
,,,,NOLC1,CCDC152,NOLC1,,,
,,,,RAD51,MFSD14B,RAD51,,,
,,,,TMEM222,HSD17B11,TMEM222,,,
,,,,CEP57,CD99,CEP57,,,
,,,,P4HB,RTN2,P4HB,,,
,,,,ABHD14B,MBP,ABHD14B,,,
,,,,FDPS,ITM2B,FDPS,,,
,,,,F2R,RFWD2,F2R,,,
,,,,SRPK1,S100A6,SRPK1,,,
,,,,MRPL52,LZTS2,MRPL52,,,
,,,,TESC,PNISR,TESC,,,
,,,,IMP4,CAPNS1,IMP4,,,
,,,,PSMA3-AS1,TDP2,PSMA3-AS1,,,
,,,,C9orf78,CCDC127,C9orf78,,,
,,,,SIRT6,RPS7,SIRT6,,,
,,,,NFATC3,ARPC3,NFATC3,,,
,,,,GGCT,IER5,GGCT,,,
,,,,FTSJ3,ATP5H,FTSJ3,,,
,,,,CDV3,EIF3H,CDV3,,,
,,,,ZNF580,RPS24,ZNF580,,,
,,,,IER2,CDS2,IER2,,,
,,,,UROS,S100A4,UROS,,,
,,,,USB1,SNX14,USB1,,,
,,,,NUDT5,BST2,NUDT5,,,
,,,,STAT5B,HADHB,STAT5B,,,
,,,,TOMM34,CD37,TOMM34,,,
,,,,UCK2,SCPEP1,UCK2,,,
,,,,SEC23A,LSM5,SEC23A,,,
,,,,KLHDC4,HLA-A,KLHDC4,,,
,,,,SYAP1,RPS25,SYAP1,,,
,,,,CEP350,MYEF2,CEP350,,,
,,,,MAP4,FAIM,MAP4,,,
,,,,IFRD2,HMG20B,IFRD2,,,
,,,,SF3B2,EPB41L4A-AS1,SF3B2,,,
,,,,SLIRP,SRP9,SLIRP,,,
,,,,CDK6,RPS6,CDK6,,,
,,,,TBC1D7,MEG3,TBC1D7,,,
,,,,HNRNPF,PRDX1,HNRNPF,,,
,,,,MRPL4,GTF2A2,MRPL4,,,
,,,,PUS7,BMI1,PUS7,,,
,,,,PSMF1,FLVCR1,PSMF1,,,
,,,,JARID2,OAZ1,JARID2,,,
,,,,IFITM1,RGS10,IFITM1,,,
,,,,POLD2,RPS27A,POLD2,,,
,,,,UFC1,KRT18,UFC1,,,
,,,,MND1,SLFN11,MND1,,,
,,,,RPL37A,SVOPL,RPL37A,,,
,,,,TCF3,ACTR2,TCF3,,,
,,,,UBA2,ATP1B1,UBA2,,,
,,,,SLC27A5,SRSF9,SLC27A5,,,
,,,,SMC1A,ABHD17B,SMC1A,,,
,,,,PSMC3,BHLHE40,PSMC3,,,
,,,,PRMT7,EPT1,PRMT7,,,
,,,,LUC7L3,CELF2,LUC7L3,,,
,,,,POLD1,MTHFS,POLD1,,,
,,,,RSRC1,RPS13,RSRC1,,,
,,,,MAT2A,CDC42,MAT2A,,,
,,,,CHKA,CHIC2,CHKA,,,
,,,,HAGHL,KIF20B,HAGHL,,,
,,,,PPM1G,RPL9,PPM1G,,,
,,,,TOMM22,KIAA0087,TOMM22,,,
,,,,IDH2,HLA-DPA1,IDH2,,,
,,,,FBXO18,HLA-C,FBXO18,,,
,,,,SSR3,CAPZB,SSR3,,,
,,,,TXLNG,SOCS3,TXLNG,,,
,,,,RNASET2,ATP6V1G1,RNASET2,,,
,,,,MRPS21,UXT,MRPS21,,,
,,,,EXOSC4,ATP5O,EXOSC4,,,
,,,,ZEB2,UBE2L3,ZEB2,,,
,,,,POLR2F,SPATA13,POLR2F,,,
,,,,SLC29A1,RBL1,SLC29A1,,,
,,,,MRPL28,EIF3M,MRPL28,,,
,,,,WDR75,RALGAPB,WDR75,,,
,,,,UBE2Q2,GNG5,UBE2Q2,,,
,,,,MPP1,RPL13,MPP1,,,
,,,,DYNC1LI2,VIM,DYNC1LI2,,,
,,,,API5,RBM4B,API5,,,
,,,,ZHX1,RPL29,ZHX1,,,
,,,,MRPL12,HLA-DPB1,MRPL12,,,
,,,,KLHL23,AC004381.6,KLHL23,,,
,,,,MLH3,MPG,MLH3,,,
,,,,SART3,EEF1A1,SART3,,,
,,,,MRPS34,EML3,MRPS34,,,
,,,,MRPL55,DEPDC1,MRPL55,,,
,,,,TM9SF3,RPL6,TM9SF3,,,
,,,,ACSF3,RNF20,ACSF3,,,
,,,,ATAD2,PPID,ATAD2,,,
,,,,PEF1,CISH,PEF1,,,
,,,,SLC52A2,SLC25A5,SLC52A2,,,
,,,,YTHDF1,NCK2,YTHDF1,,,
,,,,MTHFD2,ST13,MTHFD2,,,
,,,,EIF5,DZIP3,EIF5,,,
,,,,AP5M1,TSPAN5,AP5M1,,,
,,,,USP47,PPP1R15A,USP47,,,
,,,,SNRPA,TFEC,SNRPA,,,
,,,,NBN,HLA-DRB5,NBN,,,
,,,,MDC1,RPS29,MDC1,,,
,,,,TSPAN14,C1RL,TSPAN14,,,
,,,,SH3GLB2,SSX2IP,SH3GLB2,,,
,,,,ING2,ZFAS1,ING2,,,
,,,,STOML2,RPL23,STOML2,,,
,,,,SDHAF2,IFT81,SDHAF2,,,
,,,,RASGRP2,AP5S1,RASGRP2,,,
,,,,GAR1,S100A11,GAR1,,,
,,,,FKBP11,GMFG,FKBP11,,,
,,,,WDR5,TAF6,WDR5,,,
,,,,ENDOG,RPS20,ENDOG,,,
,,,,WDR45B,CH17-189H20.1,WDR45B,,,
,,,,MRPS26,TROAP,MRPS26,,,
,,,,ACOT11,ZNF706,ACOT11,,,
,,,,SNF8,RUFY2,SNF8,,,
,,,,FASN,TTK,FASN,,,
,,,,ISYNA1,ATP5G2,ISYNA1,,,
,,,,SMYD3,GNAS,SMYD3,,,
,,,,TNPO1,RPL10A,TNPO1,,,
,,,,CCNA2,SUMO2,CCNA2,,,
,,,,RNF6,RPS21,RNF6,,,
,,,,EXOSC8,PSMB8,EXOSC8,,,
,,,,RNASEH1,RPL10,RNASEH1,,,
,,,,VGLL4,NDUFB7,VGLL4,,,
,,,,NDUFAF6,NEDD8,NDUFAF6,,,
,,,,SQLE,GNAI2,SQLE,,,
,,,,MED15,HINT1,MED15,,,
,,,,STRA13,RPLP0,STRA13,,,
,,,,FHL2,FXYD5,FHL2,,,
,,,,MLLT6,DPP9,MLLT6,,,
,,,,TMEM214,EPS8L2,TMEM214,,,
,,,,RPS10,TMSB10,RPS10,,,
,,,,MRPS15,RPL30,MRPS15,,,
,,,,RECQL,RPL27A,RECQL,,,
,,,,SNUPN,MZT2A,SNUPN,,,
,,,,CANX,BRD1,CANX,,,
,,,,RPS28,UQCRB,RPS28,,,
,,,,TALDO1,C11orf31,TALDO1,,,
,,,,NDUFA3,HLA-DRB1,NDUFA3,,,
,,,,EEF2KMT,MYL6,EEF2KMT,,,
,,,,DDB1,NDUFA4,DDB1,,,
,,,,GTF3C5,CDK1,GTF3C5,,,
,,,,FIS1,COG3,FIS1,,,
,,,,FTSJ1,RPS27L,FTSJ1,,,
,,,,PSMC5,CKS2,PSMC5,,,
,,,,TIMM13,CCNB2,TIMM13,,,
,,,,ANXA6,LGALS1,ANXA6,,,
,,,,C19orf70,CKAP2,C19orf70,,,
,,,,FAM200B,TUBA1C,FAM200B,,,
,,,,ANKLE1,GSTP1,ANKLE1,,,
,,,,MED13L,ACTG1,MED13L,,,
,,,,XPNPEP3,AIF1,XPNPEP3,,,
,,,,SFT2D2,FOS,SFT2D2,,,
,,,,STARD7,CCNB1,STARD7,,,
,,,,BOP1,TUBB4B,BOP1,,,
,,,,METTL12,HMMR,METTL12,,,
,,,,KLHL18,COX8A,KLHL18,,,
,,,,ACAT2,UBB,ACAT2,,,
,,,,PRR7,PTTG1,PRR7,,,
,,,,MCM4,UBE2C,MCM4,,,
,,,,CMSS1,HMGB2,CMSS1,,,
,,,,LRRC37B,SNHG8,LRRC37B,,,
,,,,MYO1F,MALAT1,MYO1F,,,
,,,,EXTL2,CENPF,EXTL2,,,
,,,,CEBPA,,CEBPA,,,
,,,,EMC3,,EMC3,,,
,,,,ZMIZ1,,ZMIZ1,,,
,,,,CDCA7L,,CDCA7L,,,
,,,,TCEB1,,TCEB1,,,
,,,,NUDC,,NUDC,,,
,,,,ATOX1,,ATOX1,,,
,,,,RPL41,,RPL41,,,
,,,,SNRPA1,,SNRPA1,,,
,,,,SDF2L1,,SDF2L1,,,
,,,,FUS,,FUS,,,
,,,,CCDC86,,CCDC86,,,
,,,,MGRN1,,MGRN1,,,
,,,,GIGYF1,,GIGYF1,,,
,,,,WDR77,,WDR77,,,
,,,,ZNF667-AS1,,ZNF667-AS1,,,
,,,,SERPINB1,,SERPINB1,,,
,,,,HAGH,,HAGH,,,
,,,,CTSG,,CTSG,,,
,,,,VCP,,VCP,,,
,,,,LRRC47,,LRRC47,,,
,,,,PHYKPL,,PHYKPL,,,
,,,,HILPDA,,HILPDA,,,
,,,,EXOSC2,,EXOSC2,,,
,,,,SPTSSA,,SPTSSA,,,
,,,,HMHA1,,HMHA1,,,
,,,,HS6ST1,,HS6ST1,,,
,,,,ARMCX3,,ARMCX3,,,
,,,,POLE,,POLE,,,
,,,,RPL36,,RPL36,,,
,,,,N4BP2,,N4BP2,,,
,,,,UTP3,,UTP3,,,
,,,,MYC,,MYC,,,
,,,,CCT5,,CCT5,,,
,,,,PSMD7,,PSMD7,,,
,,,,CBR1,,CBR1,,,
,,,,AC002454.1,,AC002454.1,,,
,,,,NCAPG,,NCAPG,,,
,,,,AURKB,,AURKB,,,
,,,,TIMM17A,,TIMM17A,,,
,,,,XRCC5,,XRCC5,,,
,,,,SRSF1,,SRSF1,,,
,,,,CENPU,,CENPU,,,
,,,,TUBB6,,TUBB6,,,
,,,,PTPMT1,,PTPMT1,,,
,,,,SC5D,,SC5D,,,
,,,,TAF1D,,TAF1D,,,
,,,,MED29,,MED29,,,
,,,,VCL,,VCL,,,
,,,,PUS1,,PUS1,,,
,,,,SON,,SON,,,
,,,,TMEM258,,TMEM258,,,
,,,,DPH2,,DPH2,,,
,,,,FAM212A,,FAM212A,,,
,,,,DDX10,,DDX10,,,
,,,,SNHG25,,SNHG25,,,
,,,,LYAR,,LYAR,,,
,,,,TMEM203,,TMEM203,,,
,,,,TELO2,,TELO2,,,
,,,,RNPS1,,RNPS1,,,
,,,,DNTTIP2,,DNTTIP2,,,
,,,,MEMO1,,MEMO1,,,
,,,,RPL28,,RPL28,,,
,,,,MAP2K2,,MAP2K2,,,
,,,,PRMT1,,PRMT1,,,
,,,,PRRC2C,,PRRC2C,,,
,,,,SPG7,,SPG7,,,
,,,,POP1,,POP1,,,
,,,,CDT1,,CDT1,,,
,,,,UAP1,,UAP1,,,
,,,,DHCR7,,DHCR7,,,
,,,,CRELD2,,CRELD2,,,
,,,,NSMF,,NSMF,,,
,,,,COASY,,COASY,,,
,,,,HMGCS1,,HMGCS1,,,
,,,,ATAD3B,,ATAD3B,,,
,,,,HCST,,HCST,,,
,,,,CD320,,CD320,,,
,,,,ALCAM,,ALCAM,,,
,,,,HPDL,,HPDL,,,
,,,,TRA2B,,TRA2B,,,
,,,,LIG1,,LIG1,,,
,,,,CCT7,,CCT7,,,
,,,,EP400,,EP400,,,
,,,,PTDSS2,,PTDSS2,,,
,,,,TPRN,,TPRN,,,
,,,,HSP90B1,,HSP90B1,,,
,,,,COA7,,COA7,,,
,,,,PRPF40A,,PRPF40A,,,
,,,,FAM21C,,FAM21C,,,
,,,,PRELID2,,PRELID2,,,
,,,,ENSA,,ENSA,,,
,,,,ATF6,,ATF6,,,
,,,,DDX49,,DDX49,,,
,,,,CLUAP1,,CLUAP1,,,
,,,,NUDCD3,,NUDCD3,,,
,,,,BRD3,,BRD3,,,
,,,,TNPO3,,TNPO3,,,
,,,,RP1-313I6.12,,RP1-313I6.12,,,
,,,,KIAA0100,,KIAA0100,,,
,,,,EIF4EBP1,,EIF4EBP1,,,
,,,,C19orf60,,C19orf60,,,
,,,,HSD17B7,,HSD17B7,,,
,,,,HELLS,,HELLS,,,
,,,,MRPL22,,MRPL22,,,
,,,,FAM91A1,,FAM91A1,,,
,,,,FGD5-AS1,,FGD5-AS1,,,
,,,,SRM,,SRM,,,
,,,,USP39,,USP39,,,
,,,,SLBP,,SLBP,,,
,,,,NOL12,,NOL12,,,
,,,,GHITM,,GHITM,,,
,,,,DDX18,,DDX18,,,
,,,,NCOR2,,NCOR2,,,
,,,,MIEF1,,MIEF1,,,
,,,,CERS5,,,,,
,,,,DNAAF5,,,,,
,,,,RBBP7,,,,,
,,,,GRPEL1,,,,,
,,,,RALGPS2,,,,,
,,,,TCF25,,,,,
,,,,ATF4,,,,,
,,,,SECISBP2,,,,,
,,,,TTC3,,,,,
,,,,MKNK2,,,,,
,,,,IVD,,,,,
,,,,SLCO4A1,,,,,
,,,,RDH11,,,,,
,,,,FAM3C,,,,,
,,,,DDX6,,,,,
,,,,ECE2,,,,,
,,,,HNRNPA3,,,,,
,,,,NUP188,,,,,
,,,,ZW10,,,,,
,,,,C19orf48,,,,,
,,,,SUMO3,,,,,
,,,,FAM210A,,,,,
,,,,UHRF1,,,,,
,,,,TPM4,,,,,
,,,,ARHGDIA,,,,,
,,,,HACD3,,,,,
,,,,CCNF,,,,,
,,,,TOMM40,,,,,
,,,,S100PBP,,,,,
,,,,CCDC85B,,,,,
,,,,C16orf13,,,,,
,,,,SSB,,,,,
,,,,RPL35,,,,,
,,,,NDUFB2,,,,,
,,,,ANAPC11,,,,,
,,,,DNAJC11,,,,,
,,,,C1orf233,,,,,
,,,,HNRNPU,,,,,
,,,,GADD45GIP1,,,,,
,,,,CHCHD10,,,,,
,,,,PRMT3,,,,,
,,,,HADHA,,,,,
,,,,CENPT,,,,,
,,,,PRAM1,,,,,
,,,,RSL1D1,,,,,
,,,,SNX4,,,,,
,,,,CPSF3L,,,,,
,,,,MAGED1,,,,,
,,,,PKP4,,,,,
,,,,TOMM7,,,,,
,,,,PNN,,,,,
,,,,ZNF124,,,,,
,,,,SNRNP25,,,,,
,,,,PCGF6,,,,,
,,,,AHCY,,,,,
,,,,DCTPP1,,,,,
,,,,NOP56,,,,,
,,,,RBM25,,,,,
,,,,MRPL20,,,,,
,,,,SMC4,,,,,
,,,,MRPL21,,,,,
,,,,NIFK-AS1,,,,,
,,,,RSL24D1,,,,,
,,,,CEP95,,,,,
,,,,AP2A1,,,,,
,,,,PNPLA4,,,,,
,,,,SLC7A1,,,,,
,,,,IGFBP2,,,,,
,,,,H1FX,,,,,
,,,,RHOA,,,,,
,,,,MT-ND4,,,,,
,,,,RIC8A,,,,,
,,,,PSMB3,,,,,
,,,,ARHGAP11A,,,,,
,,,,NOP2,,,,,
,,,,SMYD4,,,,,
,,,,SPATA33,,,,,
,,,,FOXM1,,,,,
,,,,UQCR10,,,,,
,,,,PSMD8,,,,,
,,,,CLASRP,,,,,
,,,,MCM7,,,,,
,,,,MYEOV2,,,,,
,,,,UBE2M,,,,,
,,,,PGAM1,,,,,
,,,,NAGA,,,,,
,,,,HSPBP1,,,,,
,,,,WDFY2,,,,,
,,,,CXXC5,,,,,
,,,,PDSS1,,,,,
,,,,CCT2,,,,,
,,,,TTL,,,,,
,,,,NME1,,,,,
,,,,YLPM1,,,,,
,,,,DLAT,,,,,
,,,,SNRPD3,,,,,
,,,,HPGDS,,,,,
,,,,MTL5,,,,,
,,,,POLR2I,,,,,
,,,,PAICS,,,,,
,,,,CDK4,,,,,
,,,,GDI2,,,,,
,,,,GABPB1-AS1,,,,,
,,,,GATB,,,,,
,,,,KIDINS220,,,,,
,,,,PHTF2,,,,,
,,,,PRKDC,,,,,
,,,,RPL22L1,,,,,
,,,,SERBP1,,,,,
,,,,RASSF2,,,,,
,,,,ADGRE5,,,,,
,,,,NEAT1,,,,,
,,,,NME4,,,,,
,,,,PODXL2,,,,,
,,,,TAZ,,,,,
,,,,COX16,,,,,
,,,,ATP5I,,,,,
,,,,PDAP1,,,,,
,,,,CLSPN,,,,,
,,,,INAFM1,,,,,
,,,,POLR1B,,,,,
,,,,ERLIN1,,,,,
,,,,USMG5,,,,,
,,,,IQGAP2,,,,,
,,,,SNRPG,,,,,
,,,,MTDH,,,,,
,,,,UBE2S,,,,,
,,,,TKT,,,,,
,,,,CCT8,,,,,
,,,,NDUFB10,,,,,
,,,,UQCRQ,,,,,
,,,,POLR2L,,,,,
,,,,C14orf2,,,,,
,,,,GATA2,,,,,
,,,,ATP5A1,,,,,
,,,,PTMA,,,,,
,,,,SRRM1,,,,,
,,,,FEN1,,,,,
,,,,ATP5B,,,,,
,,,,HNRNPD,,,,,
,,,,PLAUR,,,,,
,,,,SNRPD1,,,,,
,,,,ZNF445,,,,,
,,,,ATXN7,,,,,
,,,,SET,,,,,
,,,,RAC1,,,,,
,,,,HSP90AB1,,,,,
,,,,KLHL36,,,,,
,,,,NUDT1,,,,,
,,,,ACD,,,,,
,,,,SNRPB,,,,,
,,,,MT-ND5,,,,,
,,,,NUCB2,,,,,
,,,,SHC1,,,,,
,,,,TAGLN2,,,,,
,,,,HMGN2,,,,,
,,,,YWHAB,,,,,
,,,,ING5,,,,,
,,,,FZD6,,,,,
,,,,TUBA1B,,,,,
,,,,ATP5F1,,,,,
,,,,KPNB1,,,,,
,,,,ZBED4,,,,,
,,,,FAM111B,,,,,
,,,,TNIP2,,,,,
,,,,SLC27A2,,,,,
,,,,SFPQ,,,,,
,,,,LDHA,,,,,
,,,,HIST2H2AC,,,,,
,,,,CYCS,,,,,
,,,,LCORL,,,,,
,,,,NCL,,,,,
,,,,HNRNPDL,,,,,
,,,,ARL6IP4,,,,,
,,,,PGK1,,,,,
,,,,SLC30A7,,,,,
,,,,GFI1B,,,,,
,,,,C8orf59,,,,,
,,,,HIST1H4C,,,,,
,,,,HMGA1,,,,,
,,,,GYPC,,,,,
,,,,HIST1H3B,,,,,
,,,,PCNA,,,,,
,,,,C1QBP,,,,,
,,,,HNRNPAB,,,,,
,,,,TCEB2,,,,,
,,,,CNBP,,,,,
,,,,DUT,,,,,
,,,,CENPW,,,,,
,,,,RPS26,,,,,
,,,,SNRPF,,,,,
,,,,GAPDH,,,,,
,,,,RANBP1,,,,,
,,,,ENO1,,,,,
,,,,TPI1,,,,,
,,,,UQCR11,,,,,
,,,,HNRNPM,,,,,
,,,,ATP5D,,,,,
,,,,HMGB1,,,,,
,,,,BANF1,,,,,
,,,,RAN,,,,,
,,,,SIVA1,,,,,
,,,,UBL5,,,,,
,,,,MT-CYB,,,,,
,,,,H2AFZ,,,,,
,,,,NDUFS6,,,,,
,,,,RPL36A,,,,,
,,,,PHPT1,,,,,
,,,,STMN1,,,,,
,,,,PRELID1,,,,,
,,,,COX7B,,,,,
,,,,FABP5,,,,,
,,,,PSMA7,,,,,
,,,,COX7A2,,,,,
,,,,APRT,,,,,
,,,,PPP1R14B,,,,,
,,,,TUBB,,,,,
,,,,HSP90AA1,,,,,
,,,,HSPA8,,,,,
,,,,COX6B1,,,,,
,,,,SRSF7,,,,,
,,,,NASP,,,,,
,,,,PKM,,,,,
,,,,SNRPE,,,,,
,,,,ALDOA,,,,,
,,,,MKI67,,,,,
,,,,YBX1,,,,,
,,,,RPS17,,,,,
,,,,CHCHD2,,,,,
,,,,UQCRH,,,,,
,,,,NDUFS5,,,,,
,,,,NAP1L1,,,,,